z (m), u (m/s), V (1/s), T (K), H2, H, O, O2, OH, H2O, HO2, H2O2, C, CH, CH2, CH2(S), CH3, CH4, CO, CO2, HCO, CH2O, CH2OH, CH3O, CH3OH, C2H, C2H2, C2H3, C2H4, C2H5, C2H6, HCCO, CH2CO, HCCOH, N, NH, NH2, NH3, NNH, NO, NO2, N2O, HNO, CN, HCN, H2CN, HCNN, HCNO, HOCN, HNCO, NCO, N2, AR, C3H7, C3H8, CH2CHO, CH3CHO, 
0.0, 1.5344764894504008, 4.3774675794545773e-17, 300.0, -1.1039982051700141e-13, -2.772589416577884e-17, 5.2782709736410602e-21, -2.2213913064484823e-23, 1.4488719478252777e-14, 2.551262132890498e-16, -8.5374226311016091e-22, -8.3515747414421695e-15, -3.5858134479278761e-15, -2.852363745348241e-16, 1.4624365225091337e-17, 2.4560872982480892e-15, 3.21530371919078e-16, 1.0000000000001037, 3.1179287881259547e-22, -5.24154622125439e-17, -2.051615561693209e-23, -8.4706086135833412e-16, -6.9190931055728055e-28, -1.6328566967100354e-19, -1.5680441021116089e-15, -1.0399109761763683e-20, -1.5481625690432532e-15, -3.486456853730304e-23, -3.8341485210503616e-18, -6.6304485705532794e-21, 9.2116315890443468e-18, 7.4264129954821093e-27, 3.9143322867852786e-16, -1.955402982417691e-18, -1.4426313588701377e-16, -4.645577716870493e-15, 9.9702448058327827e-19, 7.5736842244061818e-18, -2.000780167197938e-38, 1.2698706918536359e-15, 4.5741430338893394e-17, -1.7427778497372943e-16, 1.2784705042667675e-15, 8.1337916397202254e-15, -1.5307132579020064e-16, 2.9697289648488381e-19, 6.5121371586918309e-21, -1.287268883658095e-19, 2.1887297843103541e-19, -1.0824527511131466e-22, 3.0339324447727817e-25, -7.7622263152258096e-16, -1.9147612109747619e-17, -5.3399541029959005e-21, 5.0127619199642271e-17, -3.8506994500405091e-18, 1.3265614419002038e-16, 
